user_id,first_name,last_name,email,country,signup_date
6660579b-1c91-4011-b3b4-67c21ed32a56,Riley,Smith,user_0@example.com,Spain,2024-01-26
ba139bc2-628f-4bda-9c80-8a6084427447,Casey,Smith,user_1@example.com,Spain,2023-05-30
13276a39-1e4b-4d43-ac2f-260ba07f0487,Taylor,Garcia,user_2@example.com,US,2023-03-05
e9cccfa8-5709-43c5-b7b5-737c29c97e56,Jordan,Muller,user_3@example.com,Spain,2023-08-22
92d84234-618f-4f95-88b9-28a0f99ea2eb,Riley,Jones,user_5@example.com,Spain,2023-02-15
1d967759-945a-407e-b13b-30b360b519a1,Riley,Brown,user_6@example.com,France,2023-05-07
ccfc82c2-e8c9-494c-90c5-8da1962007c3,Taylor,Dupont,user_7@example.com,France,2023-10-06
12b1da35-0dcd-454b-8af7-aea66e2f0319,Jordan,Garcia,user_8@example.com,Canada,2023-11-29
4a5d8389-ae36-4fd2-bf52-7c7931312489,Riley,Dupont,user_9@example.com,Canada,2023-07-07
aa4278a9-f7ba-4de7-9c84-ca40a0b02236,Morgan,Jones,user_10@example.com,Germany,2023-01-08
4f8e1dc3-acb2-4a6a-b615-630c9ff442de,Riley,Brown,user_11@example.com,UK,2023-07-04
e3d257a5-e0c5-4ff5-b3b5-44047d7b1ecf,Morgan,Brown,user_12@example.com,USA,2023-12-17
3a54fe98-1ef2-4d42-900b-8c8ab0b6a8f8,Casey,Muller,user_13@example.com,Germany,2023-03-09
431daf74-1d31-4c2b-a9ea-075d66e74118,Riley,Muller,user_14@example.com,France,2023-03-04
6c7f7b98-83c6-44b5-bb92-c9da27530e7b,Taylor,Garcia,user_15@example.com,Spain,2024-01-10
7f87ae02-8158-4842-a7f7-30506b0a4e37,Taylor,Garcia,user_16@example.com,Germany,2023-03-11
584e034e-c4f6-4500-9fd8-940ecf393398,Taylor,Jones,user_17@example.com,France,2023-04-01
ce207913-ed69-48a7-8663-3edce9ec75a5,Taylor,Garcia,user_18@example.com,Germany,2023-04-21
701a272b-afd0-40fd-bb7f-7eaba9f76e47,Morgan,Smith,user_19@example.com,USA,2023-04-23
7f509f28-3551-433e-a546-44ba4164ab80,Jordan,Dupont,user_20@example.com,Spain,2023-06-13
a69c0486-b558-49da-b081-20a46a40c1e7,Alex,Garcia,user_21@example.com,USA,2023-11-10
200fcebe-8ce4-45f5-b2b2-fdada956e33f,Taylor,Brown,user_22@example.com,USA,2023-10-21
b229f2fd-87ca-4250-9a17-7c0f0e0c3c95,Casey,Dupont,user_23@example.com,Spain,2023-10-05
4b4170f6-30ed-412a-af5a-f3f92e99539e,Jordan,Smith,user_24@example.com,Canada,2023-09-30
af695c7c-40ea-40fb-b657-bea8ec9fe272,Riley,Jones,user_25@example.com,USA,2024-02-04
d170172c-19b4-4c3c-8526-164c72717443,Riley,Smith,user_26@example.com,UK,2023-12-13
8475c3da-1453-4a35-a834-0c9bb9919bbf,Morgan,Jones,user_27@example.com,UK,2023-11-04
a8b84890-083a-420e-9ace-ecaa21c9e8e7,Riley,Dupont,user_28@example.com,Canada,2023-03-08
55b2d956-5d0f-418f-8d44-88887d6d37fe,Alex,Muller,user_29@example.com,Canada,2023-12-27
e8fe8dd4-9794-4036-ae0e-7aa9d7ace04e,Morgan,Jones,user_30@example.com,Germany,2023-12-05
00782a2d-b435-455a-8575-54ec5d3dc9ee,Casey,Jones,user_31@example.com,USA,2023-12-24
702f05f0-fd51-492a-ba28-1790a5d05f0e,Jordan,Dupont,user_32@example.com,USA,2023-09-13
5ce3d376-b826-4097-bee0-dd20498416cd,Alex,Smith,user_33@example.com,Canada,2023-06-22
6e4c41d5-1569-44ad-82ad-7b4586bcef65,Alex,Dupont,user_34@example.com,Spain,2023-01-25
4c17ac7a-1853-4877-847a-20aeeda0ca90,Casey,Jones,user_35@example.com,France,2023-05-01
b759b3ec-b9ad-4b05-a726-8e7aba8808b1,Jordan,Smith,user_36@example.com,UK,2023-01-10
c97a0db4-6b02-4a7c-80d8-c1701b2c4f62,Alex,Garcia,user_37@example.com,Spain,2023-04-18
b8df7994-b068-4e33-b12f-bad9caa42fe0,Riley,Smith,user_38@example.com,USA,2023-11-11
226d50fe-7081-4a18-9793-29b2b33911d6,Alex,Muller,user_39@example.com,Spain,2023-01-13
06f9c564-cd6c-41d8-b05c-f43f9c456895,Riley,Brown,user_40@example.com,Canada,2023-09-07
89738787-c62d-4b3f-8abf-04a63444239c,Jordan,Smith,user_41@example.com,Canada,2023-11-21
da534d57-cd66-44fe-9daf-987387480a22,Jordan,Jones,user_42@example.com,USA,2023-01-04
9128b8d4-5708-46a5-a498-82a1f224c63b,Morgan,Garcia,user_43@example.com,Canada,2023-01-03
5a3bde5f-c5c3-4683-a674-b7d9d9d38c1d,Morgan,Smith,user_44@example.com,UK,2023-02-22
e7382fd8-2074-4cde-b3e8-edac2d9464a6,Taylor,Brown,user_45@example.com,USA,2023-09-09
c2e54d1d-bc49-42aa-aa94-99838616128e,Jordan,Dupont,user_46@example.com,USA,2023-01-14
27a70b00-8c13-488a-a6cc-02daa48b5c82,Taylor,Dupont,user_47@example.com,USA,2023-10-27
186cbd1a-5af5-4ab4-aafc-905205035a61,Jordan,Smith,user_48@example.com,Germany,2023-12-07
80fc2349-88d5-4070-80c9-e0144f5ef9ec,Taylor,Muller,user_49@example.com,Germany,2023-08-10
2766f8bf-0d14-4353-8b09-51d34f5f0316,Jordan,Jones,user_50@example.com,Spain,2023-04-03
784f45c4-6eb1-4347-8a6e-236f3758b1eb,Morgan,Dupont,user_51@example.com,UK,2024-02-01
d046bc82-9386-47fc-8726-968aa57181a4,Casey,Dupont,user_52@example.com,France,2023-01-01
13503760-6447-4778-a1d4-732cccfb1fb3,Taylor,Jones,user_53@example.com,Germany,2023-05-29
2c8e2ae1-4e74-495e-a01d-b74f64a22edb,Riley,Smith,user_54@example.com,France,2023-05-17
a3317deb-0bc4-4b84-99e5-a6bd3f19a534,Jordan,Brown,user_55@example.com,UK,2023-12-01
e539bb49-eaa7-4f97-b159-cb308064eefe,Casey,Dupont,user_56@example.com,France,2023-10-03
fa234918-6b2e-4ed4-9a45-a3b5c9c59ef5,Casey,Dupont,user_57@example.com,UK,2023-11-22
be54c415-2226-451a-b0b1-7410b4213257,Casey,Brown,user_58@example.com,France,2023-11-22
0a8ad8a2-159c-4354-abd3-fd82fd38950c,Jordan,Muller,user_59@example.com,USA,2023-05-21
7e10034f-fab7-4c59-a539-9074974b6f9f,Morgan,Brown,user_60@example.com,UK,2023-05-06
19b69923-ee46-4d7d-bd0b-385729ff4678,Riley,Smith,user_61@example.com,Germany,2023-08-11
cc7f58ba-6d69-41be-9317-f4256c987257,Jordan,Jones,user_62@example.com,Canada,2023-03-05
12b1b432-6386-4a36-b64c-1f0d89f4f5d1,Riley,Jones,user_63@example.com,France,2023-01-14
39bec56b-bf4a-445b-8f33-ae3bb4e6d5dd,Taylor,Jones,user_64@example.com,Canada,2023-10-03
e791c47a-1339-43a6-8a6e-3f777d4f5c3b,Morgan,Muller,user_65@example.com,Canada,2023-06-02
29905433-41d2-4e70-8c7c-9c52756b4b20,Casey,Smith,user_66@example.com,Spain,2023-08-21
b873d22b-214f-4844-9d75-0bee7cc3d16a,Morgan,Smith,user_67@example.com,USA,2023-12-13
4e1fda94-4719-4a23-9d3a-f60b63ab133a,Morgan,Brown,user_68@example.com,UK,2023-09-24
25184ba6-fca3-4635-ba64-7fd240c904e1,Alex,Dupont,user_69@example.com,Spain,2023-03-29
90d6474c-9849-4a4f-bf95-0098113245ef,Riley,Smith,user_70@example.com,UK,2023-12-13
1e77acdc-72d8-4477-a67b-5a16efeeaa84,Riley,Garcia,user_71@example.com,France,2023-02-15
f3a0691c-7e30-4f40-9c83-107bea6df4f5,Taylor,Smith,user_72@example.com,UK,2023-01-08
92b8bfe9-c96f-4e95-9f23-1db271afffbd,Jordan,Jones,user_73@example.com,Germany,2023-08-28
9ab9ea6e-c7ea-4619-9a75-3ad81e9ade85,Morgan,Smith,user_74@example.com,Canada,2023-03-16
62bf5596-a4f2-4acf-b575-1cd8694925bb,Alex,Garcia,user_75@example.com,France,2023-09-26
f8cf7a5d-e17e-40ff-ad0e-623155960089,Riley,Muller,user_76@example.com,Spain,2023-09-02
b1b50418-10d1-48a7-a9fe-f015654ea358,Riley,Garcia,user_77@example.com,USA,2023-07-22
caf659db-2cef-4fef-89f4-ef074beb7309,Jordan,Smith,user_78@example.com,Spain,2023-04-10
b04caa4f-1378-4099-9aa3-de5f9e684722,Jordan,Garcia,user_79@example.com,Germany,2023-04-03
bb079c80-3574-4a4f-afbe-604ea605fcc0,Morgan,Brown,user_80@example.com,France,2023-12-12
67056b98-e786-476b-8ec1-2be2c25f8c6a,Taylor,Garcia,user_81@example.com,Canada,2023-04-17
5dd52321-e75e-44f6-a747-c7b09628c909,Taylor,Jones,user_82@example.com,UK,2023-07-12
2063b9fc-1435-42ac-9596-eca6b292ff58,Alex,Brown,user_83@example.com,USA,2023-06-28
8ee14db2-74db-4776-b98d-cdb2cebe2a87,Taylor,Brown,user_84@example.com,UK,2023-10-28
3b7745c0-8f9c-4563-8538-a90faccc7fcd,Alex,Jones,user_85@example.com,France,2023-01-06
a4258718-3d6e-470c-bfea-4631fd334467,Casey,Jones,user_86@example.com,USA,2024-01-19
f9eb7143-6bd6-4dff-9a80-24a2c24486a1,Taylor,Dupont,user_87@example.com,Spain,2023-11-12
f1439373-ce7c-45ad-a593-da2bb284c920,Riley,Smith,user_88@example.com,UK,2023-07-19
b71efbd7-5876-4581-9961-2c281b9662ea,Jordan,Dupont,user_89@example.com,Germany,2023-08-05
d437ad0d-0816-4303-b1ec-c40e9503bad9,Taylor,Muller,user_90@example.com,France,2023-01-13
27aef68b-9720-4abd-af7a-3c8ee4942cf5,Casey,Jones,user_91@example.com,UK,2023-05-15
47dbf031-f832-4127-971f-cb2833205f53,Alex,Garcia,user_92@example.com,DE,2023-08-04
d90a039f-4de9-4c52-a417-bd0647f10237,Jordan,Garcia,user_93@example.com,Germany,2024-01-02
8058eabd-c185-48dc-bc94-bcb980658e04,Riley,Smith,user_94@example.com,Canada,2023-07-03
a9d53ef4-32cd-4ab0-a175-6a0464a491f2,Alex,Dupont,user_95@example.com,USA,2023-11-24
bf3064c6-5fff-41ee-b70b-4339441685eb,Alex,Brown,user_96@example.com,Spain,2023-10-11
a530a055-756c-484c-b0e3-63a0fe831830,Jordan,Smith,user_97@example.com,UK,2023-07-16
ba83537f-877c-44ef-ab71-5a941f36c780,Taylor,Muller,user_98@example.com,UK,2023-08-02
b7134d8b-ce3b-4b73-9781-73fd2f312221,Jordan,Muller,user_99@example.com,Canada,2023-11-17
04f32932-0f77-40c0-a2e8-b422e84455e6,Jordan,Smith,user_100@example.com,Germany,2023-06-04
ce281b0b-348b-48ce-ae1b-57a18233c3ad,Casey,Muller,user_101@example.com,Spain,2023-08-23
16f9baef-95ca-4c36-85ee-84878582e9f9,Casey,Jones,user_102@example.com,Germany,2023-05-06
a8febe4b-ba7d-4f68-8e86-6a0e44e9de9b,Taylor,Brown,user_103@example.com,Germany,2024-01-12
cb485075-f3f6-4d46-a7b3-d462f9d22d82,Jordan,Brown,user_104@example.com,UK,2023-08-05
f76e85cb-0250-4e48-83a9-253f988613f4,Riley,Dupont,user_105@example.com,Canada,2023-04-23
364eaa4a-a773-4c78-a519-8e61510e3e51,Casey,Jones,user_106@example.com,UK,2023-03-31
986ac432-4baf-4492-9a6c-7a9f8801dd08,Taylor,Jones,user_107@example.com,UK,2023-03-02
1942c96a-9356-44a6-a3fd-3b4fb305cd9c,Taylor,Smith,user_108@example.com,Canada,2023-09-18
e1ad1d1d-d5d9-412c-b76c-c837628642bb,Jordan,Brown,user_109@example.com,USA,2024-02-02
e7642222-7eba-400b-9628-a3b450859671,Riley,Jones,user_110@example.com,Spain,2023-05-14
ca9c8d99-b88c-4cf2-ab40-a61159c15fa3,Casey,Garcia,user_111@example.com,Germany,2023-12-01
be61f311-77ca-4b84-8f57-8b850ce71061,Morgan,Jones,user_112@example.com,Spain,2023-09-08
fc7191db-d7c5-4115-a7e2-72441dc594fc,Jordan,Garcia,user_113@example.com,Germany,2023-03-06
cca42edb-a52b-433a-bd69-d675cf51fcb9,Casey,Brown,user_114@example.com,UK,2023-08-19
ab06d9ab-ae93-419f-a756-897ee26c5cd8,Jordan,Muller,user_115@example.com,France,2023-10-30
c1ba7e75-3d1a-4339-b49e-5fa21d53a13d,Riley,Dupont,user_116@example.com,Canada,2023-07-03
c0e7cffb-f0ac-4452-bc17-af7c4406064a,Alex,Garcia,user_117@example.com,USA,2023-05-18
7797ba6c-0ef9-4a29-9e12-4dfaa75512c7,Morgan,Brown,user_123@example.com,France,2023-10-10
50a25661-616e-40fc-a69d-265baad7091f,Morgan,Smith,user_124@example.com,UK,2023-02-05
6cc589f7-787e-4f8f-b7a3-59f0d38b2cc1,Morgan,Dupont,user_125@example.com,Canada,2023-01-05
a6abd397-07ba-496f-9d54-910da8e44335,Casey,Brown,user_126@example.com,Germany,2023-02-19
ffb389f4-4b99-473f-b14a-3c9ce8ef0d61,Morgan,Muller,user_127@example.com,France,2023-01-29
8a2f0e8b-7916-4696-8d83-4c183495fbf9,Riley,Dupont,user_128@example.com,Canada,2023-03-24
71cf9977-1997-45a5-92df-fea91f053acf,Alex,Garcia,user_129@example.com,USA,2023-02-18
8e9a859f-62c4-4acc-bbe8-bc1cbcc1342d,Jordan,Dupont,user_130@example.com,France,2023-01-31
80fa709c-9575-4a15-bfc0-9f252f443c4a,Jordan,Muller,user_131@example.com,UK,2023-06-07
9a6537eb-7787-404b-ae68-222bd74057ee,Taylor,Dupont,user_132@example.com,France,2023-05-03
a1cd9b1d-1483-4f5b-bb0b-7d4f9afda7fa,Morgan,Smith,user_133@example.com,USA,2023-08-02
27c5a3df-8592-49df-acc4-3f6082baf8be,Morgan,Garcia,user_134@example.com,USA,2023-10-18
8fcca193-10b3-4b23-a9be-737d63c2a80a,Alex,Muller,user_135@example.com,Germany,2023-03-04
3dc68657-f481-4d25-a3f8-4a1e723d390b,Alex,Brown,user_136@example.com,Spain,2023-06-18
defd6865-41c3-4245-a750-d2c1074f81f8,Taylor,Dupont,user_137@example.com,Canada,2023-02-25
7fb5c66e-fd64-4b7d-9313-50f19f471f67,Riley,Jones,user_138@example.com,USA,2023-01-08
2451b500-8ac3-438b-b8c1-db1ba17f32c0,Jordan,Garcia,user_139@example.com,UK,2023-01-05
69eb56d1-30b9-487a-b83b-3e6f93bc2472,Riley,Garcia,user_140@example.com,USA,2023-03-22
947452d8-912c-4365-b42a-1d61e5a31618,Alex,Smith,user_141@example.com,Canada,2023-04-16
dc197dce-0f77-4f6b-8e24-61a0241c762c,Taylor,Jones,user_142@example.com,USA,2023-02-26
45e76d99-2a7c-4015-8e2a-874a5f084624,Casey,Garcia,user_143@example.com,Spain,2023-10-17
ecf0c5a6-777b-4739-85a4-ae2f4b7f0cb7,Morgan,Smith,user_144@example.com,Germany,2023-11-01
d1a13d70-34fb-4131-b3a2-ed8846b83b27,Jordan,Dupont,user_145@example.com,USA,2023-03-28
ae6b4389-77b0-4097-93d6-73903549b1fe,Taylor,Dupont,user_146@example.com,France,2023-09-12
09051c1e-a9eb-4164-88a2-e5cae4ad781e,Morgan,Garcia,user_147@example.com,UK,2023-10-25
f599586a-3f83-400f-9d14-5683f5a6bd42,Jordan,Muller,user_148@example.com,Spain,2023-06-08
81734a63-25a1-4cf1-afc0-8f6e33d3a4b7,Taylor,Garcia,user_149@example.com,UK,2023-08-18
e2b95164-2a80-4a77-a367-83a2437ffa6d,Jordan,Brown,user_150@example.com,USA,2023-08-25
1dd6732f-859a-404c-a7f4-cf6d0af7aec6,Casey,Brown,user_151@example.com,Germany,2023-04-05
fedb2366-bf36-464d-a023-df6daccbc735,Riley,Dupont,user_152@example.com,Spain,2023-05-15
db87e51f-a504-404d-9278-e16b21c66da4,Casey,Garcia,user_153@example.com,Canada,2023-09-21
f4541977-8e91-47d7-840d-17759bb5d4ab,Alex,Dupont,user_154@example.com,USA,2023-04-22
e8be86a7-85ab-4762-a01a-6139c3b92813,Riley,Smith,user_155@example.com,France,2023-10-23
773a569e-101f-4316-8c55-6b865f3d7880,Riley,Brown,user_156@example.com,UK,2023-11-02
43dc7d77-1fff-4ca4-a774-23a5e287aacc,Alex,Garcia,user_157@example.com,Canada,2023-10-20
00e1143f-3c65-425f-a074-a14dd7780d18,Casey,Jones,user_158@example.com,USA,2023-12-29
18209ded-d82a-48df-8aec-a7c215f1d65e,Riley,Muller,user_159@example.com,France,2024-01-28
41751543-09f0-4b6a-accd-3bf24c8872f2,Taylor,Jones,user_160@example.com,UK,2023-06-08
fa2a9fdc-871e-457e-9698-7c2b67dc883e,Taylor,Dupont,user_161@example.com,USA,2023-04-29
5affd0da-c9b3-4344-9b66-59817139d51a,Jordan,Jones,user_162@example.com,France,2023-09-13
4e715653-38c0-426e-bd63-99689516753c,Taylor,Dupont,user_163@example.com,Spain,2023-08-06
2bc39289-1666-4f5d-a721-cee4c09011cd,Casey,Brown,user_164@example.com,France,2023-10-04
461a05f1-0f13-42de-9480-133c9b8f068f,Casey,Dupont,user_165@example.com,USA,2023-03-10
0fafa927-05d8-4be6-93bb-7307bc29366e,Taylor,Garcia,user_166@example.com,France,2023-11-13
d0bc85ff-0ea8-47e5-9d68-240a37803e46,Alex,Brown,user_167@example.com,UK,2023-08-05
e20ea584-6ac7-407a-bead-8f5aa933e74b,Riley,Smith,user_168@example.com,UK,2023-11-16
6a2e49e5-92ba-48b1-9fee-eb2ff7748394,Morgan,Muller,user_169@example.com,France,2024-01-01
f1dbaef1-f3e6-4645-8d13-99487b4a8251,Morgan,Muller,user_170@example.com,UK,2023-09-03
cc920654-073d-468a-b8b7-bead68d3edbc,Casey,Jones,user_171@example.com,USA,2023-06-25
4217f322-7415-414b-83fc-0228abf4678f,Morgan,Garcia,user_172@example.com,Spain,2023-08-07
491d2843-2f41-469c-a8b0-b3d569c2aa9b,Alex,Muller,user_173@example.com,Canada,2023-11-05
f7bd766f-d1b0-4576-88b2-f7f0a162fa89,Jordan,Muller,user_174@example.com,Germany,2023-11-21
aaa5614b-b738-4019-8e7b-8a1ecc707a6d,Alex,Brown,user_175@example.com,France,2023-10-11
148f6ac9-10df-4e6f-9b0c-f48c720f0368,Jordan,Brown,user_176@example.com,France,2023-12-25
a9b827a9-af09-4fb4-aeb8-441aa6d2ca11,Jordan,Brown,user_177@example.com,Spain,2023-06-28
baf878c4-8762-4888-92ed-b457cc05bde7,Morgan,Garcia,user_178@example.com,France,2023-08-25
d3d90973-1666-4653-9e01-1fb0df630862,Casey,Jones,user_179@example.com,Canada,2023-08-03
a843ba40-1116-4604-a955-b326807be6fa,Riley,Jones,user_180@example.com,Germany,2023-03-30
608e12e1-f683-4706-922c-1da596d7742c,Alex,Dupont,user_181@example.com,USA,2023-12-20
e4c85eb7-8592-4684-810b-d350f115e2f8,Alex,Jones,user_182@example.com,Canada,2023-12-04
169d702b-3a51-41c6-9d95-02241a335fdc,Riley,Brown,user_183@example.com,France,2023-06-19
20c6d8e2-a9a8-4680-a698-cc29a4e9d685,Morgan,Jones,user_184@example.com,UK,2023-07-02
ce58784c-eae8-4c14-aa79-05370be04166,Jordan,Jones,user_185@example.com,USA,2023-03-09
5731a2d0-bff9-4a8e-b04e-0fca10c671d2,Riley,Smith,user_186@example.com,Canada,2023-04-08
e43c256a-05de-4c2a-b0ce-e7e266afa0d7,Riley,Dupont,user_187@example.com,France,2023-09-15
b91542a8-469b-4f2d-a0be-9046e8347b20,Jordan,Dupont,user_188@example.com,Germany,2023-10-25
13f8669f-8d8f-41a4-856a-79f5ab71e5cc,Casey,Smith,user_189@example.com,Canada,2023-03-28
fd77c4d6-7ac3-4560-a0ba-c4c3bc6bbdba,Morgan,Jones,user_190@example.com,UK,2023-05-23
3d6e754c-ef46-4d1e-b4e5-c8b65c27df5a,Jordan,Garcia,user_191@example.com,UK,2023-06-22
2400ad6f-ddd8-470e-bfd5-0a2147dbfbe7,Morgan,Garcia,user_192@example.com,UK,2023-06-22
8afe10b8-e8c5-4c10-89fe-6ebf18ec9f6c,Morgan,Jones,user_193@example.com,USA,2023-11-08
0b575545-0c6c-4b20-a475-7b6fcb58ce25,Riley,Jones,user_194@example.com,USA,2023-08-12
bba95d25-9267-47f9-8a8c-b75ce19a73b4,Morgan,Garcia,user_195@example.com,Canada,2024-01-08
822f586a-b737-4525-801a-eba1d9297c69,Taylor,Muller,user_196@example.com,Germany,2023-01-25
734353c1-8d47-46c2-bb01-665b38e9c452,Morgan,Dupont,user_197@example.com,Canada,2023-02-15
c4f455b7-113a-4b94-af34-8a6ad8eabf80,Jordan,Jones,user_198@example.com,Canada,2023-02-06
6aa4fd1e-9458-4343-8e5c-350a5cd15555,Taylor,Garcia,user_199@example.com,Germany,2023-12-23
3b35121d-c430-434d-b658-c93f2597c26e,Riley,Jones,user_200@example.com,Canada,2023-07-07
ddcacc82-957e-4edd-8891-0e4ac610fae8,Morgan,Muller,user_201@example.com,Canada,2023-09-08
dc206486-4475-4809-8ce4-b76bd691a5da,Casey,Dupont,user_202@example.com,UK,2023-08-15
56641eb7-2ebd-4b7f-9609-e2ce485f56f8,Alex,Smith,user_203@example.com,UK,2023-09-18
38f281db-df16-40ab-bd94-dce0ba4dc708,Riley,Garcia,user_204@example.com,Spain,2024-02-03
93b594c6-292d-45d8-a349-3572aad31a7d,Riley,Jones,user_205@example.com,Canada,2023-03-04
d9ff9bf7-66b5-4ef9-9ab0-935751d94e87,Morgan,Smith,user_206@example.com,Canada,2023-06-30
51b1c789-a305-449d-b018-7cf4bb6a4a04,Casey,Dupont,user_207@example.com,Spain,2023-05-18
2c64987e-a6d3-4fe7-9b3a-535dfd0bc925,Riley,Muller,user_208@example.com,France,2023-08-12
2d902cbf-2a6d-4519-a73c-80434089da2e,Taylor,Muller,user_209@example.com,Spain,2023-10-21
53a9c563-aa06-4484-b95a-5ab68a49658d,Jordan,Dupont,user_210@example.com,Spain,2023-04-06
6a17ae21-87a0-4690-ac50-64345d433d28,Taylor,Muller,user_211@example.com,Spain,2023-09-18
d9573bda-574e-47cc-b921-d16ba98a6c0f,Alex,Brown,user_212@example.com,UK,2023-10-18
c9d5ae48-9634-4bde-ab53-1d5d3ec5d6f8,Alex,Brown,user_213@example.com,Spain,2023-02-26
28f57beb-c151-4996-b198-750e54227848,Taylor,Smith,user_214@example.com,France,2023-01-29
8e3c15b4-0aa0-4a71-9a31-a4e40a7468a6,Riley,Brown,user_215@example.com,Canada,2023-02-25
abae2d57-d8e4-4bad-a5fa-3f4e02358465,Taylor,Brown,user_216@example.com,Spain,2023-03-27
632fd9a6-beac-48c5-b799-ad0d5dd950df,Riley,Garcia,user_217@example.com,UK,2023-12-10
5b15e293-a1be-4368-bd0e-d21b7de95d59,Casey,Smith,user_218@example.com,Canada,2023-11-07
c67162d0-34b4-4eb9-8646-7b1331776ca2,Morgan,Brown,user_219@example.com,USA,2023-04-27
9f01093c-3c58-44e2-bde4-45cd8f2ee5ec,Alex,Jones,user_220@example.com,Germany,2023-09-04
042b763c-01d8-4f70-8be3-df60be733644,Alex,Smith,user_221@example.com,DE,2023-10-22
55f381ff-d60b-4a54-b09b-4db913242879,Alex,Jones,user_222@example.com,UK,2024-02-04
b58fbba4-b416-426b-9bb9-6ed87f33e4d3,Riley,Muller,user_223@example.com,UK,2023-11-13
81c74da9-c2fd-48b4-bde5-c1488f289b57,Alex,Smith,user_224@example.com,France,2024-01-21
c4613deb-f57c-4962-8745-75e7fe21e50e,Taylor,Muller,user_225@example.com,USA,2023-02-03
a2d792e9-0c86-4d9b-8427-c70d518f4684,Taylor,Garcia,user_228@example.com,US,2023-07-05
6be1476d-4cff-454a-bdb7-a16cc2cbeb75,Jordan,Dupont,user_229@example.com,USA,2023-05-08
fd14a422-88ab-430b-baef-0d2da9253e4d,Casey,Dupont,user_230@example.com,USA,2023-10-08
0f71a26a-06fa-4c78-9a82-9f263450611e,Riley,Jones,user_231@example.com,Canada,2023-01-08
e34de3f3-76f6-40ce-9ca8-e659bee5ab86,Casey,Muller,user_232@example.com,France,2024-02-05
6ad52f91-32d6-4191-b5cb-e10c6f18444a,Alex,Jones,user_233@example.com,Spain,2024-01-30
0914ef01-e6d1-4178-93fc-8cef61f86086,Alex,Garcia,user_234@example.com,France,2023-07-05
0c17020b-1ae9-452f-bd8f-d59ed3e7bf10,Casey,Smith,user_235@example.com,USA,2023-09-28
791ab0d4-4988-4385-9ff6-7b960b6d7706,Alex,Brown,user_236@example.com,UK,2023-12-20
dc59829d-35cf-4e90-a868-a153e476a275,Morgan,Brown,user_237@example.com,France,2024-01-14
cf7914ba-9f2e-41ac-a676-deffdf5afbaf,Morgan,Muller,user_238@example.com,USA,2023-12-30
660239f7-a9f1-486b-abcd-bc7905bfe795,Morgan,Dupont,user_239@example.com,UK,2023-03-10
59f7233c-0122-45b7-b10b-c881ab04edd8,Jordan,Brown,user_240@example.com,USA,2023-10-24
e956b018-780b-43a5-8859-c3f12ab72348,Casey,Jones,user_241@example.com,France,2023-01-19
934809fe-0a58-406e-bd89-b2f97b0924da,Taylor,Brown,user_242@example.com,USA,2023-09-09
ee92fc82-e716-47db-ad17-6d35e721d9ed,Riley,Garcia,user_243@example.com,USA,2023-11-13
7da9b953-b5e1-466d-bfc1-28c316600bea,Morgan,Brown,user_244@example.com,France,2024-01-31
bab5c46b-61d1-48d8-9f7b-c1151db8d67c,Alex,Muller,user_245@example.com,Canada,2023-05-22
3bc8cc8f-f1f7-41bb-a7db-245a264c6a1d,Morgan,Dupont,user_251@example.com,DE,2023-10-29
00b13eac-f8ae-495b-8c92-fc83b249c7c6,Taylor,Garcia,user_252@example.com,Germany,2023-07-28
78b40104-bca4-41b8-b2c7-ffdf8d8c2f17,Taylor,Smith,user_253@example.com,USA,2023-04-13
d909ef17-e465-4f39-8ab3-a9052bf47622,Jordan,Muller,user_254@example.com,UK,2023-03-19
c067be13-5fd6-4ee7-a78d-65d1b66d93c1,Alex,Muller,user_255@example.com,France,2023-11-11
24495b42-bebc-448f-b654-d22770430c9c,Alex,Jones,user_256@example.com,France,2023-04-01
37b6817f-aaa3-491b-b26f-7827786eac0e,Jordan,Jones,user_257@example.com,Spain,2023-09-24
718fb441-d904-45d4-a3fa-c83cb3779aed,Casey,Garcia,user_258@example.com,UK,2023-04-01
a6e05acd-8c17-4131-94a2-127610d09e19,Alex,Brown,user_259@example.com,France,2023-04-01
912e2d2f-e6c0-48d6-995f-fe5e128d1ec5,Jordan,Dupont,user_260@example.com,Canada,2023-10-28
4efac8da-7f61-4468-9270-753f9f2c5d11,Alex,Dupont,user_261@example.com,UK,2023-05-29
ab3aa17e-ae86-4483-a176-a75c77cf4f19,Casey,Smith,user_262@example.com,Germany,2023-01-23
194a1703-ae1d-433a-8111-43d93f93675c,Casey,Smith,user_263@example.com,UK,2023-07-12
ae15ac23-1bc5-4934-9b9c-573c638b8934,Alex,Jones,user_264@example.com,Canada,2024-01-09
7bee1a7a-7180-4cfa-b863-204f6cc98090,Jordan,Dupont,user_265@example.com,USA,2023-06-14
17c32b31-67a4-4a3f-9b00-58e59fd76f53,Alex,Jones,user_266@example.com,Spain,2023-05-07
6625f140-302c-423d-865b-c4d8c353952b,Morgan,Brown,user_267@example.com,Canada,2023-05-25
da9f393d-f784-45e6-8adc-d1862ef8e176,Riley,Brown,user_268@example.com,UK,2023-08-19
ebc1cc08-c324-4979-9f3a-3bbef665f952,Jordan,Smith,user_269@example.com,Canada,2023-11-19
d0aaf604-6540-4964-ae93-5f385e64e57b,Alex,Smith,user_270@example.com,Germany,2023-10-24
237ade5e-8ff0-4acb-8abe-e9daf93f3c0f,Alex,Brown,user_271@example.com,Canada,2024-01-08
32fd4e4d-aa00-4062-86ac-3342a4e122ca,Taylor,Garcia,user_272@example.com,France,2023-07-05
40190171-7fd2-4059-a9ad-512e22f569a4,Morgan,Dupont,user_273@example.com,Germany,2024-01-04
f415bd55-45f9-463a-8439-db805b0605b7,Jordan,Muller,user_274@example.com,UK,2024-01-24
de559001-73dc-4d24-bdf7-617f51b81017,Taylor,Muller,user_275@example.com,Germany,2023-10-08
7713e179-cf81-47ba-a7c3-e8210bdc54d2,Riley,Muller,user_276@example.com,Spain,2023-01-19
a5053537-11c0-4c1c-a896-75e1ebca34dc,Taylor,Jones,user_277@example.com,UK,2023-11-01
b2620dc5-4baf-47c6-91cc-2914a24473dc,Morgan,Muller,user_278@example.com,Spain,2023-04-02
eb63138f-77c2-4d76-9a7e-60149f0b3549,Taylor,Smith,user_279@example.com,Canada,2023-03-14
786276ae-cad3-485c-983d-b5bfa7407d38,Casey,Brown,user_280@example.com,France,2023-09-06
b3e22511-3820-4021-af6a-3ff814aee762,Alex,Smith,user_281@example.com,Canada,2023-06-27
0bf111b5-cf97-4d15-8b3f-5624dd3ca217,Riley,Brown,user_282@example.com,UK,2023-07-24
a6091e0d-5ec2-4c47-967b-df6d2417bc38,Jordan,Muller,user_283@example.com,France,2023-11-03
ed27fb14-ce0c-4013-9807-8b3b442546cc,Alex,Smith,user_284@example.com,Spain,2023-04-01
5f568b10-6cad-4d18-98e8-91bf7cf33ade,Riley,Jones,user_285@example.com,Canada,2023-12-04
d2a2a5d4-32cc-4919-8880-72c8481ef21e,Morgan,Jones,user_286@example.com,Spain,2024-02-05
6af58644-644b-4b44-a1ae-0d004cad057d,Jordan,Smith,user_287@example.com,France,2023-11-29
8ae93705-3a5b-4396-afe7-b54b3c020260,Morgan,Smith,user_288@example.com,Canada,2024-01-02
edc2958d-2bf4-4d44-a3be-a68116b56252,Jordan,Dupont,user_289@example.com,USA,2023-05-06
c73e1a09-d0cb-4580-a4c4-00dc552324fe,Jordan,Muller,user_290@example.com,Canada,2023-06-20
d6d701cb-5e3d-4e3a-8a29-43ed37f02e06,Casey,Smith,user_291@example.com,France,2023-06-23
13c9c6b0-3458-45a3-b47f-8cf79a9553f0,Morgan,Jones,user_292@example.com,France,2023-06-06
df2c8ad4-ffae-426d-8f2f-f534bf15c20a,Riley,Dupont,user_293@example.com,Spain,2023-05-08
5ab0ec12-d01b-42d3-a5c3-5cd939aa4e37,Morgan,Garcia,user_294@example.com,UK,2023-03-01
6219dc76-b9f7-4dfa-8647-3c436532d9fc,Riley,Muller,user_295@example.com,Canada,2024-01-29
202ade12-00a2-4210-9263-7e577443137d,Morgan,Muller,user_296@example.com,Spain,2024-01-14
c7388f76-2f01-46b0-a597-c66dfc4167fc,Jordan,Garcia,user_297@example.com,Germany,2023-08-12
cd4cbb64-0bef-46e2-9457-d48c14c94bf3,Casey,Muller,user_298@example.com,Germany,2023-04-30
69c6b2d6-2702-4e34-b7cb-4775e4369a3f,Taylor,Dupont,user_299@example.com,UK,2023-11-14